exercise_id,exercise_name,category,fitness_level,impact_level,calories_per_min,duration_min,reps,sets,yt_url,rest_time_sec,voice_cue_text,estimated_calories_burned
EX001_LevelI,Squats,Strength,Beginner,Low,6,1,12,2,https://www.youtube.com/results?search_query=Squats%20exercise%20for%20women%20home%20workout,60,"Rest for 60 seconds. Breathe deeply. 30 seconds remaining. Get ready. 5, 4, 3, 2, 1. Start.",6
EX001_LevelII,Squats,Strength,Intermediate,Medium,7.2,2,18,3,https://www.youtube.com/results?search_query=Squats%20exercise%20for%20women%20home%20workout,45,"Rest for 45 seconds. Breathe deeply. 22 seconds remaining. Get ready. 5, 4, 3, 2, 1. Start.",14.4
EX001_LevelIII,Squats,Strength,Advanced,Medium,8.4,2.5,21,4,https://www.youtube.com/results?search_query=Squats%20exercise%20for%20women%20home%20workout,30,"Rest for 30 seconds. Breathe deeply. 15 seconds remaining. Get ready. 5, 4, 3, 2, 1. Start.",21
EX002_LevelI,Wall Sit,Strength,Beginner,Low,6,1,12,2,https://www.youtube.com/results?search_query=Wall%20Sit%20exercise%20for%20women%20home%20workout,60,"Rest for 60 seconds. Breathe deeply. 30 seconds remaining. Get ready. 5, 4, 3, 2, 1. Start.",6
EX002_LevelII,Wall Sit,Strength,Intermediate,Medium,7.2,2,18,3,https://www.youtube.com/results?search_query=Wall%20Sit%20exercise%20for%20women%20home%20workout,45,"Rest for 45 seconds. Breathe deeply. 22 seconds remaining. Get ready. 5, 4, 3, 2, 1. Start.",14.4
EX002_LevelIII,Wall Sit,Strength,Advanced,Medium,8.4,2.5,21,4,https://www.youtube.com/results?search_query=Wall%20Sit%20exercise%20for%20women%20home%20workout,30,"Rest for 30 seconds. Breathe deeply. 15 seconds remaining. Get ready. 5, 4, 3, 2, 1. Start.",21
EX003_LevelI,Jump Squats,Cardio,Beginner,Low,6,1,12,2,https://www.youtube.com/results?search_query=Jump%20Squats%20exercise%20for%20women%20home%20workout,60,"Rest for 60 seconds. Breathe deeply. 30 seconds remaining. Get ready. 5, 4, 3, 2, 1. Start.",6
EX003_LevelII,Jump Squats,Cardio,Intermediate,Medium,7.2,2,18,3,https://www.youtube.com/results?search_query=Jump%20Squats%20exercise%20for%20women%20home%20workout,45,"Rest for 45 seconds. Breathe deeply. 22 seconds remaining. Get ready. 5, 4, 3, 2, 1. Start.",14.4
EX003_LevelIII,Jump Squats,Cardio,Advanced,Medium,8.4,2.5,21,4,https://www.youtube.com/results?search_query=Jump%20Squats%20exercise%20for%20women%20home%20workout,30,"Rest for 30 seconds. Breathe deeply. 15 seconds remaining. Get ready. 5, 4, 3, 2, 1. Start.",21
EX004_LevelI,Reverse Lunges,Strength,Beginner,Low,6,1,12,2,https://www.youtube.com/results?search_query=Reverse%20Lunges%20exercise%20for%20women%20home%20workout,60,"Rest for 60 seconds. Breathe deeply. 30 seconds remaining. Get ready. 5, 4, 3, 2, 1. Start.",6
EX004_LevelII,Reverse Lunges,Strength,Intermediate,Medium,7.2,2,18,3,https://www.youtube.com/results?search_query=Reverse%20Lunges%20exercise%20for%20women%20home%20workout,45,"Rest for 45 seconds. Breathe deeply. 22 seconds remaining. Get ready. 5, 4, 3, 2, 1. Start.",14.4
EX004_LevelIII,Reverse Lunges,Strength,Advanced,Medium,8.4,2.5,21,4,https://www.youtube.com/results?search_query=Reverse%20Lunges%20exercise%20for%20women%20home%20workout,30,"Rest for 30 seconds. Breathe deeply. 15 seconds remaining. Get ready. 5, 4, 3, 2, 1. Start.",21
EX005_LevelI,Split Lunges,Strength,Beginner,Low,6,1,12,2,https://www.youtube.com/results?search_query=Split%20Lunges%20exercise%20for%20women%20home%20workout,60,"Rest for 60 seconds. Breathe deeply. 30 seconds remaining. Get ready. 5, 4, 3, 2, 1. Start.",6
EX005_LevelII,Split Lunges,Strength,Intermediate,Medium,7.2,2,18,3,https://www.youtube.com/results?search_query=Split%20Lunges%20exercise%20for%20women%20home%20workout,45,"Rest for 45 seconds. Breathe deeply. 22 seconds remaining. Get ready. 5, 4, 3, 2, 1. Start.",14.4
EX005_LevelIII,Split Lunges,Strength,Advanced,Medium,8.4,2.5,21,4,https://www.youtube.com/results?search_query=Split%20Lunges%20exercise%20for%20women%20home%20workout,30,"Rest for 30 seconds. Breathe deeply. 15 seconds remaining. Get ready. 5, 4, 3, 2, 1. Start.",21
EX006_LevelI,Glute Bridges,Strength,Beginner,Low,6,1,12,2,https://www.youtube.com/results?search_query=Glute%20Bridges%20exercise%20for%20women%20home%20workout,60,"Rest for 60 seconds. Breathe deeply. 30 seconds remaining. Get ready. 5, 4, 3, 2, 1. Start.",6
EX006_LevelII,Glute Bridges,Strength,Intermediate,Medium,7.2,2,18,3,https://www.youtube.com/results?search_query=Glute%20Bridges%20exercise%20for%20women%20home%20workout,45,"Rest for 45 seconds. Breathe deeply. 22 seconds remaining. Get ready. 5, 4, 3, 2, 1. Start.",14.4
EX006_LevelIII,Glute Bridges,Strength,Advanced,Medium,8.4,2.5,21,4,https://www.youtube.com/results?search_query=Glute%20Bridges%20exercise%20for%20women%20home%20workout,30,"Rest for 30 seconds. Breathe deeply. 15 seconds remaining. Get ready. 5, 4, 3, 2, 1. Start.",21
EX007_LevelI,Single Leg Glute Bridges,Strength,Beginner,Low,6,1,12,2,https://www.youtube.com/results?search_query=Single%20Leg%20Glute%20Bridges%20exercise%20for%20women%20home%20workout,60,"Rest for 60 seconds. Breathe deeply. 30 seconds remaining. Get ready. 5, 4, 3, 2, 1. Start.",6
EX007_LevelII,Single Leg Glute Bridges,Strength,Intermediate,Medium,7.2,2,18,3,https://www.youtube.com/results?search_query=Single%20Leg%20Glute%20Bridges%20exercise%20for%20women%20home%20workout,45,"Rest for 45 seconds. Breathe deeply. 22 seconds remaining. Get ready. 5, 4, 3, 2, 1. Start.",14.4
EX007_LevelIII,Single Leg Glute Bridges,Strength,Advanced,Medium,8.4,2.5,21,4,https://www.youtube.com/results?search_query=Single%20Leg%20Glute%20Bridges%20exercise%20for%20women%20home%20workout,30,"Rest for 30 seconds. Breathe deeply. 15 seconds remaining. Get ready. 5, 4, 3, 2, 1. Start.",21
EX008_LevelI,Calf Raises,Strength,Beginner,Low,6,1,12,2,https://www.youtube.com/results?search_query=Calf%20Raises%20exercise%20for%20women%20home%20workout,60,"Rest for 60 seconds. Breathe deeply. 30 seconds remaining. Get ready. 5, 4, 3, 2, 1. Start.",6
EX008_LevelII,Calf Raises,Strength,Intermediate,Medium,7.2,2,18,3,https://www.youtube.com/results?search_query=Calf%20Raises%20exercise%20for%20women%20home%20workout,45,"Rest for 45 seconds. Breathe deeply. 22 seconds remaining. Get ready. 5, 4, 3, 2, 1. Start.",14.4
EX008_LevelIII,Calf Raises,Strength,Advanced,Medium,8.4,2.5,21,4,https://www.youtube.com/results?search_query=Calf%20Raises%20exercise%20for%20women%20home%20workout,30,"Rest for 30 seconds. Breathe deeply. 15 seconds remaining. Get ready. 5, 4, 3, 2, 1. Start.",21
EX009_LevelI,Side Leg Raises,Strength,Beginner,Low,6,1,12,2,https://www.youtube.com/results?search_query=Side%20Leg%20Raises%20exercise%20for%20women%20home%20workout,60,"Rest for 60 seconds. Breathe deeply. 30 seconds remaining. Get ready. 5, 4, 3, 2, 1. Start.",6
EX009_LevelII,Side Leg Raises,Strength,Intermediate,Medium,7.2,2,18,3,https://www.youtube.com/results?search_query=Side%20Leg%20Raises%20exercise%20for%20women%20home%20workout,45,"Rest for 45 seconds. Breathe deeply. 22 seconds remaining. Get ready. 5, 4, 3, 2, 1. Start.",14.4
EX009_LevelIII,Side Leg Raises,Strength,Advanced,Medium,8.4,2.5,21,4,https://www.youtube.com/results?search_query=Side%20Leg%20Raises%20exercise%20for%20women%20home%20workout,30,"Rest for 30 seconds. Breathe deeply. 15 seconds remaining. Get ready. 5, 4, 3, 2, 1. Start.",21
EX010_LevelI,High Knees,Cardio,Beginner,Low,6,1,12,2,https://www.youtube.com/results?search_query=High%20Knees%20exercise%20for%20women%20home%20workout,60,"Rest for 60 seconds. Breathe deeply. 30 seconds remaining. Get ready. 5, 4, 3, 2, 1. Start.",6
EX010_LevelII,High Knees,Cardio,Intermediate,Medium,7.2,2,18,3,https://www.youtube.com/results?search_query=High%20Knees%20exercise%20for%20women%20home%20workout,45,"Rest for 45 seconds. Breathe deeply. 22 seconds remaining. Get ready. 5, 4, 3, 2, 1. Start.",14.4
EX010_LevelIII,High Knees,Cardio,Advanced,Medium,8.4,2.5,21,4,https://www.youtube.com/results?search_query=High%20Knees%20exercise%20for%20women%20home%20workout,30,"Rest for 30 seconds. Breathe deeply. 15 seconds remaining. Get ready. 5, 4, 3, 2, 1. Start.",21
EX011_LevelI,Butt Kicks,Cardio,Beginner,Low,6,1,12,2,https://www.youtube.com/results?search_query=Butt%20Kicks%20exercise%20for%20women%20home%20workout,60,"Rest for 60 seconds. Breathe deeply. 30 seconds remaining. Get ready. 5, 4, 3, 2, 1. Start.",6
EX011_LevelII,Butt Kicks,Cardio,Intermediate,Medium,7.2,2,18,3,https://www.youtube.com/results?search_query=Butt%20Kicks%20exercise%20for%20women%20home%20workout,45,"Rest for 45 seconds. Breathe deeply. 22 seconds remaining. Get ready. 5, 4, 3, 2, 1. Start.",14.4
EX011_LevelIII,Butt Kicks,Cardio,Advanced,Medium,8.4,2.5,21,4,https://www.youtube.com/results?search_query=Butt%20Kicks%20exercise%20for%20women%20home%20workout,30,"Rest for 30 seconds. Breathe deeply. 15 seconds remaining. Get ready. 5, 4, 3, 2, 1. Start.",21
EX012_LevelI,Marching in Place,Cardio,Beginner,Low,6,1,12,2,https://www.youtube.com/results?search_query=Marching%20in%20Place%20exercise%20for%20women%20home%20workout,60,"Rest for 60 seconds. Breathe deeply. 30 seconds remaining. Get ready. 5, 4, 3, 2, 1. Start.",6
EX012_LevelII,Marching in Place,Cardio,Intermediate,Medium,7.2,2,18,3,https://www.youtube.com/results?search_query=Marching%20in%20Place%20exercise%20for%20women%20home%20workout,45,"Rest for 45 seconds. Breathe deeply. 22 seconds remaining. Get ready. 5, 4, 3, 2, 1. Start.",14.4
EX012_LevelIII,Marching in Place,Cardio,Advanced,Medium,8.4,2.5,21,4,https://www.youtube.com/results?search_query=Marching%20in%20Place%20exercise%20for%20women%20home%20workout,30,"Rest for 30 seconds. Breathe deeply. 15 seconds remaining. Get ready. 5, 4, 3, 2, 1. Start.",21
EX013_LevelI,Step Touch,Strength,Beginner,Low,6,1,12,2,https://www.youtube.com/results?search_query=Step%20Touch%20exercise%20for%20women%20home%20workout,60,"Rest for 60 seconds. Breathe deeply. 30 seconds remaining. Get ready. 5, 4, 3, 2, 1. Start.",6
EX013_LevelII,Step Touch,Strength,Intermediate,Medium,7.2,2,18,3,https://www.youtube.com/results?search_query=Step%20Touch%20exercise%20for%20women%20home%20workout,45,"Rest for 45 seconds. Breathe deeply. 22 seconds remaining. Get ready. 5, 4, 3, 2, 1. Start.",14.4
EX013_LevelIII,Step Touch,Strength,Advanced,Medium,8.4,2.5,21,4,https://www.youtube.com/results?search_query=Step%20Touch%20exercise%20for%20women%20home%20workout,30,"Rest for 30 seconds. Breathe deeply. 15 seconds remaining. Get ready. 5, 4, 3, 2, 1. Start.",21
EX014_LevelI,Push-Ups,Strength,Beginner,Low,6,1,12,2,https://www.youtube.com/results?search_query=Push-Ups%20exercise%20for%20women%20home%20workout,60,"Rest for 60 seconds. Breathe deeply. 30 seconds remaining. Get ready. 5, 4, 3, 2, 1. Start.",6
EX014_LevelII,Push-Ups,Strength,Intermediate,Medium,7.2,2,18,3,https://www.youtube.com/results?search_query=Push-Ups%20exercise%20for%20women%20home%20workout,45,"Rest for 45 seconds. Breathe deeply. 22 seconds remaining. Get ready. 5, 4, 3, 2, 1. Start.",14.4
EX014_LevelIII,Push-Ups,Strength,Advanced,Medium,8.4,2.5,21,4,https://www.youtube.com/results?search_query=Push-Ups%20exercise%20for%20women%20home%20workout,30,"Rest for 30 seconds. Breathe deeply. 15 seconds remaining. Get ready. 5, 4, 3, 2, 1. Start.",21
EX015_LevelI,Knee Push-Ups,Strength,Beginner,Low,6,1,12,2,https://www.youtube.com/results?search_query=Knee%20Push-Ups%20exercise%20for%20women%20home%20workout,60,"Rest for 60 seconds. Breathe deeply. 30 seconds remaining. Get ready. 5, 4, 3, 2, 1. Start.",6
EX015_LevelII,Knee Push-Ups,Strength,Intermediate,Medium,7.2,2,18,3,https://www.youtube.com/results?search_query=Knee%20Push-Ups%20exercise%20for%20women%20home%20workout,45,"Rest for 45 seconds. Breathe deeply. 22 seconds remaining. Get ready. 5, 4, 3, 2, 1. Start.",14.4
EX015_LevelIII,Knee Push-Ups,Strength,Advanced,Medium,8.4,2.5,21,4,https://www.youtube.com/results?search_query=Knee%20Push-Ups%20exercise%20for%20women%20home%20workout,30,"Rest for 30 seconds. Breathe deeply. 15 seconds remaining. Get ready. 5, 4, 3, 2, 1. Start.",21
EX016_LevelI,Close Grip Push-Ups,Strength,Beginner,Low,6,1,12,2,https://www.youtube.com/results?search_query=Close%20Grip%20Push-Ups%20exercise%20for%20women%20home%20workout,60,"Rest for 60 seconds. Breathe deeply. 30 seconds remaining. Get ready. 5, 4, 3, 2, 1. Start.",6
EX016_LevelII,Close Grip Push-Ups,Strength,Intermediate,Medium,7.2,2,18,3,https://www.youtube.com/results?search_query=Close%20Grip%20Push-Ups%20exercise%20for%20women%20home%20workout,45,"Rest for 45 seconds. Breathe deeply. 22 seconds remaining. Get ready. 5, 4, 3, 2, 1. Start.",14.4
EX016_LevelIII,Close Grip Push-Ups,Strength,Advanced,Medium,8.4,2.5,21,4,https://www.youtube.com/results?search_query=Close%20Grip%20Push-Ups%20exercise%20for%20women%20home%20workout,30,"Rest for 30 seconds. Breathe deeply. 15 seconds remaining. Get ready. 5, 4, 3, 2, 1. Start.",21
EX017_LevelI,Plank,Strength,Beginner,Low,6,1,12,2,https://www.youtube.com/results?search_query=Plank%20exercise%20for%20women%20home%20workout,60,"Rest for 60 seconds. Breathe deeply. 30 seconds remaining. Get ready. 5, 4, 3, 2, 1. Start.",6
EX017_LevelII,Plank,Strength,Intermediate,Medium,7.2,2,18,3,https://www.youtube.com/results?search_query=Plank%20exercise%20for%20women%20home%20workout,45,"Rest for 45 seconds. Breathe deeply. 22 seconds remaining. Get ready. 5, 4, 3, 2, 1. Start.",14.4
EX017_LevelIII,Plank,Strength,Advanced,Medium,8.4,2.5,21,4,https://www.youtube.com/results?search_query=Plank%20exercise%20for%20women%20home%20workout,30,"Rest for 30 seconds. Breathe deeply. 15 seconds remaining. Get ready. 5, 4, 3, 2, 1. Start.",21
EX018_LevelI,Up and Down Plank,Strength,Beginner,Low,6,1,12,2,https://www.youtube.com/results?search_query=Up%20and%20Down%20Plank%20exercise%20for%20women%20home%20workout,60,"Rest for 60 seconds. Breathe deeply. 30 seconds remaining. Get ready. 5, 4, 3, 2, 1. Start.",6
EX018_LevelII,Up and Down Plank,Strength,Intermediate,Medium,7.2,2,18,3,https://www.youtube.com/results?search_query=Up%20and%20Down%20Plank%20exercise%20for%20women%20home%20workout,45,"Rest for 45 seconds. Breathe deeply. 22 seconds remaining. Get ready. 5, 4, 3, 2, 1. Start.",14.4
EX018_LevelIII,Up and Down Plank,Strength,Advanced,Medium,8.4,2.5,21,4,https://www.youtube.com/results?search_query=Up%20and%20Down%20Plank%20exercise%20for%20women%20home%20workout,30,"Rest for 30 seconds. Breathe deeply. 15 seconds remaining. Get ready. 5, 4, 3, 2, 1. Start.",21
EX019_LevelI,Side Plank,Strength,Beginner,Low,6,1,12,2,https://www.youtube.com/results?search_query=Side%20Plank%20exercise%20for%20women%20home%20workout,60,"Rest for 60 seconds. Breathe deeply. 30 seconds remaining. Get ready. 5, 4, 3, 2, 1. Start.",6
EX019_LevelII,Side Plank,Strength,Intermediate,Medium,7.2,2,18,3,https://www.youtube.com/results?search_query=Side%20Plank%20exercise%20for%20women%20home%20workout,45,"Rest for 45 seconds. Breathe deeply. 22 seconds remaining. Get ready. 5, 4, 3, 2, 1. Start.",14.4
EX019_LevelIII,Side Plank,Strength,Advanced,Medium,8.4,2.5,21,4,https://www.youtube.com/results?search_query=Side%20Plank%20exercise%20for%20women%20home%20workout,30,"Rest for 30 seconds. Breathe deeply. 15 seconds remaining. Get ready. 5, 4, 3, 2, 1. Start.",21
EX020_LevelI,Elbow Plank,Strength,Beginner,Low,6,1,12,2,https://www.youtube.com/results?search_query=Elbow%20Plank%20exercise%20for%20women%20home%20workout,60,"Rest for 60 seconds. Breathe deeply. 30 seconds remaining. Get ready. 5, 4, 3, 2, 1. Start.",6
EX020_LevelII,Elbow Plank,Strength,Intermediate,Medium,7.2,2,18,3,https://www.youtube.com/results?search_query=Elbow%20Plank%20exercise%20for%20women%20home%20workout,45,"Rest for 45 seconds. Breathe deeply. 22 seconds remaining. Get ready. 5, 4, 3, 2, 1. Start.",14.4
EX020_LevelIII,Elbow Plank,Strength,Advanced,Medium,8.4,2.5,21,4,https://www.youtube.com/results?search_query=Elbow%20Plank%20exercise%20for%20women%20home%20workout,30,"Rest for 30 seconds. Breathe deeply. 15 seconds remaining. Get ready. 5, 4, 3, 2, 1. Start.",21
EX021_LevelI,Mountain Climbers,Cardio,Beginner,Low,6,1,12,2,https://www.youtube.com/results?search_query=Mountain%20Climbers%20exercise%20for%20women%20home%20workout,60,"Rest for 60 seconds. Breathe deeply. 30 seconds remaining. Get ready. 5, 4, 3, 2, 1. Start.",6
EX021_LevelII,Mountain Climbers,Cardio,Intermediate,Medium,7.2,2,18,3,https://www.youtube.com/results?search_query=Mountain%20Climbers%20exercise%20for%20women%20home%20workout,45,"Rest for 45 seconds. Breathe deeply. 22 seconds remaining. Get ready. 5, 4, 3, 2, 1. Start.",14.4
EX021_LevelIII,Mountain Climbers,Cardio,Advanced,Medium,8.4,2.5,21,4,https://www.youtube.com/results?search_query=Mountain%20Climbers%20exercise%20for%20women%20home%20workout,30,"Rest for 30 seconds. Breathe deeply. 15 seconds remaining. Get ready. 5, 4, 3, 2, 1. Start.",21
EX022_LevelI,Slow Climbers,Cardio,Beginner,Low,6,1,12,2,https://www.youtube.com/results?search_query=Slow%20Climbers%20exercise%20for%20women%20home%20workout,60,"Rest for 60 seconds. Breathe deeply. 30 seconds remaining. Get ready. 5, 4, 3, 2, 1. Start.",6
EX022_LevelII,Slow Climbers,Cardio,Intermediate,Medium,7.2,2,18,3,https://www.youtube.com/results?search_query=Slow%20Climbers%20exercise%20for%20women%20home%20workout,45,"Rest for 45 seconds. Breathe deeply. 22 seconds remaining. Get ready. 5, 4, 3, 2, 1. Start.",14.4
EX022_LevelIII,Slow Climbers,Cardio,Advanced,Medium,8.4,2.5,21,4,https://www.youtube.com/results?search_query=Slow%20Climbers%20exercise%20for%20women%20home%20workout,30,"Rest for 30 seconds. Breathe deeply. 15 seconds remaining. Get ready. 5, 4, 3, 2, 1. Start.",21
EX023_LevelI,Crunches,Strength,Beginner,Low,6,1,12,2,https://www.youtube.com/results?search_query=Crunches%20exercise%20for%20women%20home%20workout,60,"Rest for 60 seconds. Breathe deeply. 30 seconds remaining. Get ready. 5, 4, 3, 2, 1. Start.",6
EX023_LevelII,Crunches,Strength,Intermediate,Medium,7.2,2,18,3,https://www.youtube.com/results?search_query=Crunches%20exercise%20for%20women%20home%20workout,45,"Rest for 45 seconds. Breathe deeply. 22 seconds remaining. Get ready. 5, 4, 3, 2, 1. Start.",14.4
EX023_LevelIII,Crunches,Strength,Advanced,Medium,8.4,2.5,21,4,https://www.youtube.com/results?search_query=Crunches%20exercise%20for%20women%20home%20workout,30,"Rest for 30 seconds. Breathe deeply. 15 seconds remaining. Get ready. 5, 4, 3, 2, 1. Start.",21
EX024_LevelI,Sit-Ups,Strength,Beginner,Low,6,1,12,2,https://www.youtube.com/results?search_query=Sit-Ups%20exercise%20for%20women%20home%20workout,60,"Rest for 60 seconds. Breathe deeply. 30 seconds remaining. Get ready. 5, 4, 3, 2, 1. Start.",6
EX024_LevelII,Sit-Ups,Strength,Intermediate,Medium,7.2,2,18,3,https://www.youtube.com/results?search_query=Sit-Ups%20exercise%20for%20women%20home%20workout,45,"Rest for 45 seconds. Breathe deeply. 22 seconds remaining. Get ready. 5, 4, 3, 2, 1. Start.",14.4
EX024_LevelIII,Sit-Ups,Strength,Advanced,Medium,8.4,2.5,21,4,https://www.youtube.com/results?search_query=Sit-Ups%20exercise%20for%20women%20home%20workout,30,"Rest for 30 seconds. Breathe deeply. 15 seconds remaining. Get ready. 5, 4, 3, 2, 1. Start.",21
EX025_LevelI,Crunch Kicks,Cardio,Beginner,Low,6,1,12,2,https://www.youtube.com/results?search_query=Crunch%20Kicks%20exercise%20for%20women%20home%20workout,60,"Rest for 60 seconds. Breathe deeply. 30 seconds remaining. Get ready. 5, 4, 3, 2, 1. Start.",6
EX025_LevelII,Crunch Kicks,Cardio,Intermediate,Medium,7.2,2,18,3,https://www.youtube.com/results?search_query=Crunch%20Kicks%20exercise%20for%20women%20home%20workout,45,"Rest for 45 seconds. Breathe deeply. 22 seconds remaining. Get ready. 5, 4, 3, 2, 1. Start.",14.4
EX025_LevelIII,Crunch Kicks,Cardio,Advanced,Medium,8.4,2.5,21,4,https://www.youtube.com/results?search_query=Crunch%20Kicks%20exercise%20for%20women%20home%20workout,30,"Rest for 30 seconds. Breathe deeply. 15 seconds remaining. Get ready. 5, 4, 3, 2, 1. Start.",21
EX026_LevelI,Flutter Kicks,Cardio,Beginner,Low,6,1,12,2,https://www.youtube.com/results?search_query=Flutter%20Kicks%20exercise%20for%20women%20home%20workout,60,"Rest for 60 seconds. Breathe deeply. 30 seconds remaining. Get ready. 5, 4, 3, 2, 1. Start.",6
EX026_LevelII,Flutter Kicks,Cardio,Intermediate,Medium,7.2,2,18,3,https://www.youtube.com/results?search_query=Flutter%20Kicks%20exercise%20for%20women%20home%20workout,45,"Rest for 45 seconds. Breathe deeply. 22 seconds remaining. Get ready. 5, 4, 3, 2, 1. Start.",14.4
EX026_LevelIII,Flutter Kicks,Cardio,Advanced,Medium,8.4,2.5,21,4,https://www.youtube.com/results?search_query=Flutter%20Kicks%20exercise%20for%20women%20home%20workout,30,"Rest for 30 seconds. Breathe deeply. 15 seconds remaining. Get ready. 5, 4, 3, 2, 1. Start.",21
EX027_LevelI,Leg Raises,Strength,Beginner,Low,6,1,12,2,https://www.youtube.com/results?search_query=Leg%20Raises%20exercise%20for%20women%20home%20workout,60,"Rest for 60 seconds. Breathe deeply. 30 seconds remaining. Get ready. 5, 4, 3, 2, 1. Start.",6
EX027_LevelII,Leg Raises,Strength,Intermediate,Medium,7.2,2,18,3,https://www.youtube.com/results?search_query=Leg%20Raises%20exercise%20for%20women%20home%20workout,45,"Rest for 45 seconds. Breathe deeply. 22 seconds remaining. Get ready. 5, 4, 3, 2, 1. Start.",14.4
EX027_LevelIII,Leg Raises,Strength,Advanced,Medium,8.4,2.5,21,4,https://www.youtube.com/results?search_query=Leg%20Raises%20exercise%20for%20women%20home%20workout,30,"Rest for 30 seconds. Breathe deeply. 15 seconds remaining. Get ready. 5, 4, 3, 2, 1. Start.",21
EX028_LevelI,Bicycle Crunches,Strength,Beginner,Low,6,1,12,2,https://www.youtube.com/results?search_query=Bicycle%20Crunches%20exercise%20for%20women%20home%20workout,60,"Rest for 60 seconds. Breathe deeply. 30 seconds remaining. Get ready. 5, 4, 3, 2, 1. Start.",6
EX028_LevelII,Bicycle Crunches,Strength,Intermediate,Medium,7.2,2,18,3,https://www.youtube.com/results?search_query=Bicycle%20Crunches%20exercise%20for%20women%20home%20workout,45,"Rest for 45 seconds. Breathe deeply. 22 seconds remaining. Get ready. 5, 4, 3, 2, 1. Start.",14.4
EX028_LevelIII,Bicycle Crunches,Strength,Advanced,Medium,8.4,2.5,21,4,https://www.youtube.com/results?search_query=Bicycle%20Crunches%20exercise%20for%20women%20home%20workout,30,"Rest for 30 seconds. Breathe deeply. 15 seconds remaining. Get ready. 5, 4, 3, 2, 1. Start.",21
EX029_LevelI,Roll-Ups,Strength,Beginner,Low,6,1,12,2,https://www.youtube.com/results?search_query=Roll-Ups%20exercise%20for%20women%20home%20workout,60,"Rest for 60 seconds. Breathe deeply. 30 seconds remaining. Get ready. 5, 4, 3, 2, 1. Start.",6
EX029_LevelII,Roll-Ups,Strength,Intermediate,Medium,7.2,2,18,3,https://www.youtube.com/results?search_query=Roll-Ups%20exercise%20for%20women%20home%20workout,45,"Rest for 45 seconds. Breathe deeply. 22 seconds remaining. Get ready. 5, 4, 3, 2, 1. Start.",14.4
EX029_LevelIII,Roll-Ups,Strength,Advanced,Medium,8.4,2.5,21,4,https://www.youtube.com/results?search_query=Roll-Ups%20exercise%20for%20women%20home%20workout,30,"Rest for 30 seconds. Breathe deeply. 15 seconds remaining. Get ready. 5, 4, 3, 2, 1. Start.",21
EX030_LevelI,Back Extensions,Strength,Beginner,Low,6,1,12,2,https://www.youtube.com/results?search_query=Back%20Extensions%20exercise%20for%20women%20home%20workout,60,"Rest for 60 seconds. Breathe deeply. 30 seconds remaining. Get ready. 5, 4, 3, 2, 1. Start.",6
EX030_LevelII,Back Extensions,Strength,Intermediate,Medium,7.2,2,18,3,https://www.youtube.com/results?search_query=Back%20Extensions%20exercise%20for%20women%20home%20workout,45,"Rest for 45 seconds. Breathe deeply. 22 seconds remaining. Get ready. 5, 4, 3, 2, 1. Start.",14.4
EX030_LevelIII,Back Extensions,Strength,Advanced,Medium,8.4,2.5,21,4,https://www.youtube.com/results?search_query=Back%20Extensions%20exercise%20for%20women%20home%20workout,30,"Rest for 30 seconds. Breathe deeply. 15 seconds remaining. Get ready. 5, 4, 3, 2, 1. Start.",21
EX031_LevelI,Punches,Cardio,Beginner,Low,6,1,12,2,https://www.youtube.com/results?search_query=Punches%20exercise%20for%20women%20home%20workout,60,"Rest for 60 seconds. Breathe deeply. 30 seconds remaining. Get ready. 5, 4, 3, 2, 1. Start.",6
EX031_LevelII,Punches,Cardio,Intermediate,Medium,7.2,2,18,3,https://www.youtube.com/results?search_query=Punches%20exercise%20for%20women%20home%20workout,45,"Rest for 45 seconds. Breathe deeply. 22 seconds remaining. Get ready. 5, 4, 3, 2, 1. Start.",14.4
EX031_LevelIII,Punches,Cardio,Advanced,Medium,8.4,2.5,21,4,https://www.youtube.com/results?search_query=Punches%20exercise%20for%20women%20home%20workout,30,"Rest for 30 seconds. Breathe deeply. 15 seconds remaining. Get ready. 5, 4, 3, 2, 1. Start.",21
EX032_LevelI,Jab Cross Punches,Cardio,Beginner,Low,6,1,12,2,https://www.youtube.com/results?search_query=Jab%20Cross%20Punches%20exercise%20for%20women%20home%20workout,60,"Rest for 60 seconds. Breathe deeply. 30 seconds remaining. Get ready. 5, 4, 3, 2, 1. Start.",6
EX032_LevelII,Jab Cross Punches,Cardio,Intermediate,Medium,7.2,2,18,3,https://www.youtube.com/results?search_query=Jab%20Cross%20Punches%20exercise%20for%20women%20home%20workout,45,"Rest for 45 seconds. Breathe deeply. 22 seconds remaining. Get ready. 5, 4, 3, 2, 1. Start.",14.4
EX032_LevelIII,Jab Cross Punches,Cardio,Advanced,Medium,8.4,2.5,21,4,https://www.youtube.com/results?search_query=Jab%20Cross%20Punches%20exercise%20for%20women%20home%20workout,30,"Rest for 30 seconds. Breathe deeply. 15 seconds remaining. Get ready. 5, 4, 3, 2, 1. Start.",21
EX033_LevelI,Overhead Punches,Cardio,Beginner,Low,6,1,12,2,https://www.youtube.com/results?search_query=Overhead%20Punches%20exercise%20for%20women%20home%20workout,60,"Rest for 60 seconds. Breathe deeply. 30 seconds remaining. Get ready. 5, 4, 3, 2, 1. Start.",6
EX033_LevelII,Overhead Punches,Cardio,Intermediate,Medium,7.2,2,18,3,https://www.youtube.com/results?search_query=Overhead%20Punches%20exercise%20for%20women%20home%20workout,45,"Rest for 45 seconds. Breathe deeply. 22 seconds remaining. Get ready. 5, 4, 3, 2, 1. Start.",14.4
EX033_LevelIII,Overhead Punches,Cardio,Advanced,Medium,8.4,2.5,21,4,https://www.youtube.com/results?search_query=Overhead%20Punches%20exercise%20for%20women%20home%20workout,30,"Rest for 30 seconds. Breathe deeply. 15 seconds remaining. Get ready. 5, 4, 3, 2, 1. Start.",21
EX034_LevelI,Front Kicks,Cardio,Beginner,Low,6,1,12,2,https://www.youtube.com/results?search_query=Front%20Kicks%20exercise%20for%20women%20home%20workout,60,"Rest for 60 seconds. Breathe deeply. 30 seconds remaining. Get ready. 5, 4, 3, 2, 1. Start.",6
EX034_LevelII,Front Kicks,Cardio,Intermediate,Medium,7.2,2,18,3,https://www.youtube.com/results?search_query=Front%20Kicks%20exercise%20for%20women%20home%20workout,45,"Rest for 45 seconds. Breathe deeply. 22 seconds remaining. Get ready. 5, 4, 3, 2, 1. Start.",14.4
EX034_LevelIII,Front Kicks,Cardio,Advanced,Medium,8.4,2.5,21,4,https://www.youtube.com/results?search_query=Front%20Kicks%20exercise%20for%20women%20home%20workout,30,"Rest for 30 seconds. Breathe deeply. 15 seconds remaining. Get ready. 5, 4, 3, 2, 1. Start.",21
EX035_LevelI,Side Kicks,Cardio,Beginner,Low,6,1,12,2,https://www.youtube.com/results?search_query=Side%20Kicks%20exercise%20for%20women%20home%20workout,60,"Rest for 60 seconds. Breathe deeply. 30 seconds remaining. Get ready. 5, 4, 3, 2, 1. Start.",6
EX035_LevelII,Side Kicks,Cardio,Intermediate,Medium,7.2,2,18,3,https://www.youtube.com/results?search_query=Side%20Kicks%20exercise%20for%20women%20home%20workout,45,"Rest for 45 seconds. Breathe deeply. 22 seconds remaining. Get ready. 5, 4, 3, 2, 1. Start.",14.4
EX035_LevelIII,Side Kicks,Cardio,Advanced,Medium,8.4,2.5,21,4,https://www.youtube.com/results?search_query=Side%20Kicks%20exercise%20for%20women%20home%20workout,30,"Rest for 30 seconds. Breathe deeply. 15 seconds remaining. Get ready. 5, 4, 3, 2, 1. Start.",21
EX036_LevelI,Hook Kicks,Cardio,Beginner,Low,6,1,12,2,https://www.youtube.com/results?search_query=Hook%20Kicks%20exercise%20for%20women%20home%20workout,60,"Rest for 60 seconds. Breathe deeply. 30 seconds remaining. Get ready. 5, 4, 3, 2, 1. Start.",6
EX036_LevelII,Hook Kicks,Cardio,Intermediate,Medium,7.2,2,18,3,https://www.youtube.com/results?search_query=Hook%20Kicks%20exercise%20for%20women%20home%20workout,45,"Rest for 45 seconds. Breathe deeply. 22 seconds remaining. Get ready. 5, 4, 3, 2, 1. Start.",14.4
EX036_LevelIII,Hook Kicks,Cardio,Advanced,Medium,8.4,2.5,21,4,https://www.youtube.com/results?search_query=Hook%20Kicks%20exercise%20for%20women%20home%20workout,30,"Rest for 30 seconds. Breathe deeply. 15 seconds remaining. Get ready. 5, 4, 3, 2, 1. Start.",21
EX037_LevelI,Knee Strikes,Strength,Beginner,Low,6,1,12,2,https://www.youtube.com/results?search_query=Knee%20Strikes%20exercise%20for%20women%20home%20workout,60,"Rest for 60 seconds. Breathe deeply. 30 seconds remaining. Get ready. 5, 4, 3, 2, 1. Start.",6
EX037_LevelII,Knee Strikes,Strength,Intermediate,Medium,7.2,2,18,3,https://www.youtube.com/results?search_query=Knee%20Strikes%20exercise%20for%20women%20home%20workout,45,"Rest for 45 seconds. Breathe deeply. 22 seconds remaining. Get ready. 5, 4, 3, 2, 1. Start.",14.4
EX037_LevelIII,Knee Strikes,Strength,Advanced,Medium,8.4,2.5,21,4,https://www.youtube.com/results?search_query=Knee%20Strikes%20exercise%20for%20women%20home%20workout,30,"Rest for 30 seconds. Breathe deeply. 15 seconds remaining. Get ready. 5, 4, 3, 2, 1. Start.",21
EX038_LevelI,Shadow Boxing,Cardio,Beginner,Low,6,1,12,2,https://www.youtube.com/results?search_query=Shadow%20Boxing%20exercise%20for%20women%20home%20workout,60,"Rest for 60 seconds. Breathe deeply. 30 seconds remaining. Get ready. 5, 4, 3, 2, 1. Start.",6
EX038_LevelII,Shadow Boxing,Cardio,Intermediate,Medium,7.2,2,18,3,https://www.youtube.com/results?search_query=Shadow%20Boxing%20exercise%20for%20women%20home%20workout,45,"Rest for 45 seconds. Breathe deeply. 22 seconds remaining. Get ready. 5, 4, 3, 2, 1. Start.",14.4
EX038_LevelIII,Shadow Boxing,Cardio,Advanced,Medium,8.4,2.5,21,4,https://www.youtube.com/results?search_query=Shadow%20Boxing%20exercise%20for%20women%20home%20workout,30,"Rest for 30 seconds. Breathe deeply. 15 seconds remaining. Get ready. 5, 4, 3, 2, 1. Start.",21
EX039_LevelI,Punch + Squat Combo,Cardio,Beginner,Low,6,1,12,2,https://www.youtube.com/results?search_query=Punch%20%2B%20Squat%20Combo%20exercise%20for%20women%20home%20workout,60,"Rest for 60 seconds. Breathe deeply. 30 seconds remaining. Get ready. 5, 4, 3, 2, 1. Start.",6
EX039_LevelII,Punch + Squat Combo,Cardio,Intermediate,Medium,7.2,2,18,3,https://www.youtube.com/results?search_query=Punch%20%2B%20Squat%20Combo%20exercise%20for%20women%20home%20workout,45,"Rest for 45 seconds. Breathe deeply. 22 seconds remaining. Get ready. 5, 4, 3, 2, 1. Start.",14.4
EX039_LevelIII,Punch + Squat Combo,Cardio,Advanced,Medium,8.4,2.5,21,4,https://www.youtube.com/results?search_query=Punch%20%2B%20Squat%20Combo%20exercise%20for%20women%20home%20workout,30,"Rest for 30 seconds. Breathe deeply. 15 seconds remaining. Get ready. 5, 4, 3, 2, 1. Start.",21
EX040_LevelI,Surya Namaskar,Yoga,Beginner,Low,6,1,12,2,https://www.youtube.com/results?search_query=Surya%20Namaskar%20exercise%20for%20women%20home%20workout,60,"Rest for 60 seconds. Breathe deeply. 30 seconds remaining. Get ready. 5, 4, 3, 2, 1. Start.",6
EX040_LevelII,Surya Namaskar,Yoga,Intermediate,Medium,7.2,2,18,3,https://www.youtube.com/results?search_query=Surya%20Namaskar%20exercise%20for%20women%20home%20workout,45,"Rest for 45 seconds. Breathe deeply. 22 seconds remaining. Get ready. 5, 4, 3, 2, 1. Start.",14.4
EX040_LevelIII,Surya Namaskar,Yoga,Advanced,Medium,8.4,2.5,21,4,https://www.youtube.com/results?search_query=Surya%20Namaskar%20exercise%20for%20women%20home%20workout,30,"Rest for 30 seconds. Breathe deeply. 15 seconds remaining. Get ready. 5, 4, 3, 2, 1. Start.",21
EX041_LevelI,Downward Dog,Strength,Beginner,Low,6,1,12,2,https://www.youtube.com/results?search_query=Downward%20Dog%20exercise%20for%20women%20home%20workout,60,"Rest for 60 seconds. Breathe deeply. 30 seconds remaining. Get ready. 5, 4, 3, 2, 1. Start.",6
EX041_LevelII,Downward Dog,Strength,Intermediate,Medium,7.2,2,18,3,https://www.youtube.com/results?search_query=Downward%20Dog%20exercise%20for%20women%20home%20workout,45,"Rest for 45 seconds. Breathe deeply. 22 seconds remaining. Get ready. 5, 4, 3, 2, 1. Start.",14.4
EX041_LevelIII,Downward Dog,Strength,Advanced,Medium,8.4,2.5,21,4,https://www.youtube.com/results?search_query=Downward%20Dog%20exercise%20for%20women%20home%20workout,30,"Rest for 30 seconds. Breathe deeply. 15 seconds remaining. Get ready. 5, 4, 3, 2, 1. Start.",21
EX042_LevelI,Upward Dog,Strength,Beginner,Low,6,1,12,2,https://www.youtube.com/results?search_query=Upward%20Dog%20exercise%20for%20women%20home%20workout,60,"Rest for 60 seconds. Breathe deeply. 30 seconds remaining. Get ready. 5, 4, 3, 2, 1. Start.",6
EX042_LevelII,Upward Dog,Strength,Intermediate,Medium,7.2,2,18,3,https://www.youtube.com/results?search_query=Upward%20Dog%20exercise%20for%20women%20home%20workout,45,"Rest for 45 seconds. Breathe deeply. 22 seconds remaining. Get ready. 5, 4, 3, 2, 1. Start.",14.4
EX042_LevelIII,Upward Dog,Strength,Advanced,Medium,8.4,2.5,21,4,https://www.youtube.com/results?search_query=Upward%20Dog%20exercise%20for%20women%20home%20workout,30,"Rest for 30 seconds. Breathe deeply. 15 seconds remaining. Get ready. 5, 4, 3, 2, 1. Start.",21
EX043_LevelI,Cat Cow Stretch,Yoga,Beginner,Low,6,1,12,2,https://www.youtube.com/results?search_query=Cat%20Cow%20Stretch%20exercise%20for%20women%20home%20workout,60,"Rest for 60 seconds. Breathe deeply. 30 seconds remaining. Get ready. 5, 4, 3, 2, 1. Start.",6
EX043_LevelII,Cat Cow Stretch,Yoga,Intermediate,Medium,7.2,2,18,3,https://www.youtube.com/results?search_query=Cat%20Cow%20Stretch%20exercise%20for%20women%20home%20workout,45,"Rest for 45 seconds. Breathe deeply. 22 seconds remaining. Get ready. 5, 4, 3, 2, 1. Start.",14.4
EX043_LevelIII,Cat Cow Stretch,Yoga,Advanced,Medium,8.4,2.5,21,4,https://www.youtube.com/results?search_query=Cat%20Cow%20Stretch%20exercise%20for%20women%20home%20workout,30,"Rest for 30 seconds. Breathe deeply. 15 seconds remaining. Get ready. 5, 4, 3, 2, 1. Start.",21
EX044_LevelI,Child Pose,Yoga,Beginner,Low,6,1,12,2,https://www.youtube.com/results?search_query=Child%20Pose%20exercise%20for%20women%20home%20workout,60,"Rest for 60 seconds. Breathe deeply. 30 seconds remaining. Get ready. 5, 4, 3, 2, 1. Start.",6
EX044_LevelII,Child Pose,Yoga,Intermediate,Medium,7.2,2,18,3,https://www.youtube.com/results?search_query=Child%20Pose%20exercise%20for%20women%20home%20workout,45,"Rest for 45 seconds. Breathe deeply. 22 seconds remaining. Get ready. 5, 4, 3, 2, 1. Start.",14.4
EX044_LevelIII,Child Pose,Yoga,Advanced,Medium,8.4,2.5,21,4,https://www.youtube.com/results?search_query=Child%20Pose%20exercise%20for%20women%20home%20workout,30,"Rest for 30 seconds. Breathe deeply. 15 seconds remaining. Get ready. 5, 4, 3, 2, 1. Start.",21
EX045_LevelI,Cobra Stretch,Yoga,Beginner,Low,6,1,12,2,https://www.youtube.com/results?search_query=Cobra%20Stretch%20exercise%20for%20women%20home%20workout,60,"Rest for 60 seconds. Breathe deeply. 30 seconds remaining. Get ready. 5, 4, 3, 2, 1. Start.",6
EX045_LevelII,Cobra Stretch,Yoga,Intermediate,Medium,7.2,2,18,3,https://www.youtube.com/results?search_query=Cobra%20Stretch%20exercise%20for%20women%20home%20workout,45,"Rest for 45 seconds. Breathe deeply. 22 seconds remaining. Get ready. 5, 4, 3, 2, 1. Start.",14.4
EX045_LevelIII,Cobra Stretch,Yoga,Advanced,Medium,8.4,2.5,21,4,https://www.youtube.com/results?search_query=Cobra%20Stretch%20exercise%20for%20women%20home%20workout,30,"Rest for 30 seconds. Breathe deeply. 15 seconds remaining. Get ready. 5, 4, 3, 2, 1. Start.",21
EX046_LevelI,Standing Balance Hold,Strength,Beginner,Low,6,1,12,2,https://www.youtube.com/results?search_query=Standing%20Balance%20Hold%20exercise%20for%20women%20home%20workout,60,"Rest for 60 seconds. Breathe deeply. 30 seconds remaining. Get ready. 5, 4, 3, 2, 1. Start.",6
EX046_LevelII,Standing Balance Hold,Strength,Intermediate,Medium,7.2,2,18,3,https://www.youtube.com/results?search_query=Standing%20Balance%20Hold%20exercise%20for%20women%20home%20workout,45,"Rest for 45 seconds. Breathe deeply. 22 seconds remaining. Get ready. 5, 4, 3, 2, 1. Start.",14.4
EX046_LevelIII,Standing Balance Hold,Strength,Advanced,Medium,8.4,2.5,21,4,https://www.youtube.com/results?search_query=Standing%20Balance%20Hold%20exercise%20for%20women%20home%20workout,30,"Rest for 30 seconds. Breathe deeply. 15 seconds remaining. Get ready. 5, 4, 3, 2, 1. Start.",21
EX047_LevelI,Single Leg Squat,Strength,Beginner,Low,6,1,12,2,https://www.youtube.com/results?search_query=Single%20Leg%20Squat%20exercise%20for%20women%20home%20workout,60,"Rest for 60 seconds. Breathe deeply. 30 seconds remaining. Get ready. 5, 4, 3, 2, 1. Start.",6
EX047_LevelII,Single Leg Squat,Strength,Intermediate,Medium,7.2,2,18,3,https://www.youtube.com/results?search_query=Single%20Leg%20Squat%20exercise%20for%20women%20home%20workout,45,"Rest for 45 seconds. Breathe deeply. 22 seconds remaining. Get ready. 5, 4, 3, 2, 1. Start.",14.4
EX047_LevelIII,Single Leg Squat,Strength,Advanced,Medium,8.4,2.5,21,4,https://www.youtube.com/results?search_query=Single%20Leg%20Squat%20exercise%20for%20women%20home%20workout,30,"Rest for 30 seconds. Breathe deeply. 15 seconds remaining. Get ready. 5, 4, 3, 2, 1. Start.",21
WU01,Arm Circles,Warm-Up,All Levels,Low,3,1,0,1,,0,Breathe deeply and move slowly.,3
WU02,Neck Rolls,Warm-Up,All Levels,Low,3,1,0,1,,0,Breathe deeply and move slowly.,3
WU03,Marching in Place,Warm-Up,All Levels,Low,3,1,0,1,,0,Breathe deeply and move slowly.,3
WU04,Hip Circles,Warm-Up,All Levels,Low,3,1,0,1,,0,Breathe deeply and move slowly.,3
WU05,Jumping Jacks (Low Impact),Warm-Up,All Levels,Low,3,1,0,1,,0,Breathe deeply and move slowly.,3
CD01,Child Pose,Cool-Down,All Levels,Low,3,2,0,1,,0,Breathe deeply and move slowly.,6
CD02,Standing Forward Bend,Cool-Down,All Levels,Low,3,2,0,1,,0,Breathe deeply and move slowly.,6
CD03,Seated Stretch,Cool-Down,All Levels,Low,3,2,0,1,,0,Breathe deeply and move slowly.,6
CD04,Deep Breathing,Cool-Down,All Levels,Low,3,2,0,1,,0,Breathe deeply and move slowly.,6
CD05,Shoulder Stretch,Cool-Down,All Levels,Low,3,2,0,1,,0,Breathe deeply and move slowly.,6
